Folder, Source Module, Target Module, Link Module
/P_gwm_chk011_hfa/02 System Analysis, /P_gwm_chk011_hfa/02 System Analysis/SRSTR,/P_gwm_chk011_hfa/02 System Analysis/SRSTD,/P_gwm_chk011_hfa/02 System Analysis/DOORS Links
/P_gwm_chk011_hfa/02 System Analysis, /P_gwm_chk011_hfa/02 System Analysis/SRSTD,/P_gwm_chk011_hfa/02 System Analysis/SRS,/P_gwm_chk011_hfa/02 System Analysis/DOORS Links
/P_gwm_chk011_hfa/03 System Design, /P_gwm_chk011_hfa/03 System Design/HWSWIFTR,/P_gwm_chk011_hfa/03 System Design/HWSWIFTD,/P_gwm_chk011_hfa/03 System Design/DOORS Links
/P_gwm_chk011_hfa/03 System Design, /P_gwm_chk011_hfa/03 System Design/SDD,/P_gwm_chk011_hfa/02 System Analysis/SRS,/P_gwm_chk011_hfa/03 System Design/DOORS Links
/P_gwm_chk011_hfa/03 System Design, /P_gwm_chk011_hfa/03 System Design/HWSWIFTD,/P_gwm_chk011_hfa/03 System Design/HWSWIF,/P_gwm_chk011_hfa/03 System Design/DOORS Links
/P_gwm_chk011_hfa/03 System Design, /P_gwm_chk011_hfa/03 System Design/HWSWIF,/P_gwm_chk011_hfa/02 System Analysis/SRS,/P_gwm_chk011_hfa/03 System Design/DOORS Links
/P_gwm_chk011_hfa/04 Software Analysis and Design, /P_gwm_chk011_hfa/04 Software Analysis and Design/SWRS,/P_gwm_chk011_hfa/02 System Analysis/SRS,/P_gwm_chk011_hfa/04 Software Analysis and Design/DOORS Links
/P_gwm_chk011_hfa/04 Software Analysis and Design, /P_gwm_chk011_hfa/04 Software Analysis and Design/SWRSTR,/P_gwm_chk011_hfa/04 Software Analysis and Design/SWRSTD,/P_gwm_chk011_hfa/04 Software Analysis and Design/DOORS Links
/P_gwm_chk011_hfa/04 Software Analysis and Design, /P_gwm_chk011_hfa/04 Software Analysis and Design/SWRSTD,/P_gwm_chk011_hfa/04 Software Analysis and Design/SWRS,/P_gwm_chk011_hfa/04 Software Analysis and Design/DOORS Links
/P_gwm_chk011_hfa/04 Software Analysis and Design, /P_gwm_chk011_hfa/04 Software Analysis and Design/SWDD,/P_gwm_chk011_hfa/04 Software Analysis and Design/SWRS,/P_gwm_chk011_hfa/04 Software Analysis and Design/DOORS Links
