Folder, Source Module, Target Module, Link Module
/P_maserati_hfa/03 System Design, /P_maserati_hfa/03 System Design/PRS,/TPL_technical_project_template_DPTv5.10/02 System Analysis/SRS,/P_maserati_hfa/03 System Design/DOORS Links
/P_maserati_hfa/03 System Design, /P_maserati_hfa/03 System Design/PRS,/P_maserati_hfa/04 Software Analysis and Design/SWRS,/P_maserati_hfa/03 System Design/DOORS Links
/P_maserati_hfa/03 System Design, /P_maserati_hfa/03 System Design/SDD,/TPL_technical_project_template_DPTv5.10/02 System Analysis/SRS,/P_maserati_hfa/03 System Design/DOORS Links
/P_maserati_hfa/03 System Design, /P_maserati_hfa/03 System Design/SDD,/P_maserati_hfa/03 System Design/HWSWIF,/P_maserati_hfa/03 System Design/DOORS Links
/P_maserati_hfa/03 System Design, /P_maserati_hfa/03 System Design/HWSWIF,/TPL_technical_project_template_DPTv5.10/02 System Analysis/SRS,/P_maserati_hfa/03 System Design/DOORS Links
/P_maserati_hfa/03 System Design, /P_maserati_hfa/03 System Design/HWSWIFTR,/P_maserati_hfa/03 System Design/HWSWIFTD,/P_maserati_hfa/03 System Design/DOORS Links
/P_maserati_hfa/03 System Design, /P_maserati_hfa/03 System Design/HWSWIFTD,/P_maserati_hfa/03 System Design/HWSWIF,/P_maserati_hfa/03 System Design/DOORS Links
/P_maserati_hfa/04 Software Analysis and Design, /P_maserati_hfa/04 Software Analysis and Design/SWRS,/TPL_technical_project_template_DPTv5.10/02 System Analysis/SRS,/P_maserati_hfa/04 Software Analysis and Design/DOORS Links
/P_maserati_hfa/04 Software Analysis and Design, /P_maserati_hfa/04 Software Analysis and Design/SWRSTD,/P_maserati_hfa/04 Software Analysis and Design/SWRS,/P_maserati_hfa/04 Software Analysis and Design/DOORS Links
/P_maserati_hfa/04 Software Analysis and Design, /P_maserati_hfa/04 Software Analysis and Design/SWRSTR,/P_maserati_hfa/04 Software Analysis and Design/SWRSTD,/P_maserati_hfa/04 Software Analysis and Design/DOORS Links
/P_maserati_hfa/04 Software Analysis and Design, /P_maserati_hfa/04 Software Analysis and Design/SWDD,/P_maserati_hfa/04 Software Analysis and Design/SWRS,/P_maserati_hfa/04 Software Analysis and Design/DOORS Links
/P_maserati_hfa/04 Software Analysis and Design, /P_maserati_hfa/04 Software Analysis and Design/SWDDTD,/P_maserati_hfa/04 Software Analysis and Design/SWDD,/P_maserati_hfa/04 Software Analysis and Design/DOORS Links
/P_maserati_hfa/04 Software Analysis and Design, /P_maserati_hfa/04 Software Analysis and Design/SWDDTR,/P_maserati_hfa/04 Software Analysis and Design/SWDDTD,/P_maserati_hfa/04 Software Analysis and Design/DOORS Links
/P_maserati_hfa/05 Mechanic, /P_maserati_hfa/05 Mechanic/MRS,/TPL_technical_project_template_DPTv5.10/02 System Analysis/SRS,/P_maserati_hfa/05 Mechanic/DOORS Links
/P_maserati_hfa/05 Mechanic, /P_maserati_hfa/05 Mechanic/MRS,/P_maserati_hfa/01 Requirements Analysis/IRS,/P_maserati_hfa/05 Mechanic/DOORS Links
/P_maserati_hfa/05 Mechanic, /P_maserati_hfa/05 Mechanic/MRS,/P_maserati_hfa/01 Requirements Analysis/SARS,/P_maserati_hfa/05 Mechanic/DOORS Links
/P_maserati_hfa/05 Mechanic, /P_maserati_hfa/05 Mechanic/MRSTD,/P_maserati_hfa/05 Mechanic/MRS,/P_maserati_hfa/05 Mechanic/DOORS Links
/P_maserati_hfa/05 Mechanic, /P_maserati_hfa/05 Mechanic/MRSTR,/P_maserati_hfa/05 Mechanic/MRSTD,/P_maserati_hfa/05 Mechanic/DOORS Links
/P_maserati_hfa/05 Mechanic, /P_maserati_hfa/05 Mechanic/MDD,/P_maserati_hfa/05 Mechanic/MRS,/P_maserati_hfa/05 Mechanic/DOORS Links
/P_maserati_hfa/06 Hardware, /P_maserati_hfa/06 Hardware/HWRS,/TPL_technical_project_template_DPTv5.10/02 System Analysis/SRS,/P_maserati_hfa/06 Hardware/DOORS Links
/P_maserati_hfa/06 Hardware, /P_maserati_hfa/06 Hardware/HWRS,/P_maserati_hfa/01 Requirements Analysis/IRS,/P_maserati_hfa/06 Hardware/DOORS Links
/P_maserati_hfa/06 Hardware, /P_maserati_hfa/06 Hardware/HWRS,/P_maserati_hfa/01 Requirements Analysis/SARS,/P_maserati_hfa/06 Hardware/DOORS Links
/P_maserati_hfa/06 Hardware, /P_maserati_hfa/06 Hardware/HWRSTD,/P_maserati_hfa/06 Hardware/HWRS,/P_maserati_hfa/06 Hardware/DOORS Links
/P_maserati_hfa/06 Hardware, /P_maserati_hfa/06 Hardware/HWRSTR,/P_maserati_hfa/06 Hardware/HWRSTD,/P_maserati_hfa/06 Hardware/DOORS Links
/P_maserati_hfa/06 Hardware, /P_maserati_hfa/06 Hardware/HWDD,/P_maserati_hfa/06 Hardware/HWRS,/P_maserati_hfa/06 Hardware/DOORS Links
/P_maserati_hfa/02 System Analysis, /P_maserati_hfa/02 System Analysis/SRSTD,/P_maserati_hfa/02 System Analysis/SRS,/P_maserati_hfa/02 System Analysis/DOORS Links
/P_maserati_hfa/02 System Analysis, /P_maserati_hfa/02 System Analysis/SRSTR,/P_maserati_hfa/02 System Analysis/SRSTD,/P_maserati_hfa/02 System Analysis/DOORS Links
